Workbook

Sheet Summary
A1: Row 1 | B1: 1.05 | C1: =B1*1.1
A2: Row 2 | B2: 2.1 | C2: =B2*1.1 | D2: =C2-C1
A3: Row 3 | B3: 3.15 | C3: =B3*1.1 | D3: =C3-C2
A4: Row 4 | B4: 4.2 | C4: =B4*1.1 | D4: =C4-C3
A5: Row 5 | B5: 5.25 | C5: =B5*1.1 | D5: =C5-C4
A6: Row 6 | B6: 6.3 | C6: =B6*1.1 | D6: =C6-C5
A7: Row 7 | B7: 7.35 | C7: =B7*1.1 | D7: =C7-C6
A8: Row 8 | B8: 8.4 | C8: =B8*1.1 | D8: =C8-C7
A9: Row 9 | B9: 9.45 | C9: =B9*1.1 | D9: =C9-C8
A10: Row 10 | B10: 10.5 | C10: =B10*1.1 | D10: =C10-C9
A11: Row 11 | B11: 11.55 | C11: =B11*1.1 | D11: =C11-C10
A12: Row 12 | B12: 12.6 | C12: =B12*1.1 | D12: =C12-C11
A13: Row 13 | B13: 13.65 | C13: =B13*1.1 | D13: =C13-C12
... A1200: Row 1200 | B1200: 1260 | C1200: =B1200*1.1 | D1200: =C1200-C1199

Sheet Inputs
A1: 0.75 | B1: =A1*2 | C1: =B1+1
A2: 1.5 | B2: =A2*2 | C2: =B2+1
A3: 2.25 | B3: =A3*2 | C3: =B3+1
A4: 3 | B4: =A4*2 | C4: =B4+1
A5: 3.75 | B5: =A5*2 | C5: =B5+1
A6: 4.5 | B6: =A6*2 | C6: =B6+1
A7: 5.25 | B7: =A7*2 | C7: =B7+1
A8: 6 | B8: =A8*2 | C8: =B8+1
A9: 6.75 | B9: =A9*2 | C9: =B9+1
A10: 7.5 | B10: =A10*2 | C10: =B10+1
A11: 8.25 | B11: =A11*2 | C11: =B11+1
A12: 9 | B12: =A12*2 | C12: =B12+1
... A1800: 1350 | B1800: =A1800*2 | C1800: =B1800+1

Sheet Ops
A1: =Summary!C1
A2: =Summary!C2
A3: =Summary!C3
A4: =Summary!C4
A5: =Summary!C5
A6: =Summary!C6
A7: =Summary!C7
A8: =Summary!C8
A9: =Summary!C9
A10: =Summary!C10
A11: =Summary!C11
A12: =Summary!C12
... A1200: =Summary!C1200
